{
  "IcoMoonType": "selection",
  "icons": [
    {
      "icon": {
        "paths": [
          "M1024 512c0 282.77-229.23 512-512 512s-512-229.23-512-512c0-282.77 229.23-512 512-512s512 229.23 512 512z",
          "M1002.667 512c0 270.988-219.679 490.667-490.667 490.667s-490.667-219.679-490.667-490.667c0-270.988 219.679-490.667 490.667-490.667s490.667 219.679 490.667 490.667z",
          "M682.667 375.71l-34.377-34.377-136.29 136.29-136.29-136.29-34.377 34.377 136.29 136.29-136.29 136.29 34.377 34.377 136.29-136.29 136.29 136.29 34.377-34.377-136.29-136.29 136.29-136.29z"
        ],
        "attrs": [
          {
            "fill": "rgb(231, 233, 252)"
          },
          {
            "fill": "none",
            "stroke": "rgb(0, 0, 0)",
            "strokeLinejoin": "miter",
            "strokeLinecap": "butt",
            "strokeMiterlimit": "4",
            "strokeWidth": 42.666666666666664
          },
          {
            "fill": "rgb(46, 47, 66)"
          }
        ],
        "isMulticolor": true,
        "isMulticolor2": true,
        "grid": 0,
        "tags": [
          "icon-close"
        ],
        "colorPermutations": {
          "12312332521464766177902291": [
            {
              "f": 3
            },
            {
              "s": 0
            },
            {
              "f": 1
            }
          ]
        }
      },
      "attrs": [
        {
          "fill": "rgb(231, 233, 252)"
        },
        {
          "fill": "none",
          "stroke": "rgb(0, 0, 0)",
          "strokeLinejoin": "miter",
          "strokeLinecap": "butt",
          "strokeMiterlimit": "4",
          "strokeWidth": 42.666666666666664
        },
        {
          "fill": "rgb(46, 47, 66)"
        }
      ],
      "properties": {
        "order": 22,
        "id": 3,
        "name": "icon-close",
        "prevSize": 32
      },
      "setIdx": 0,
      "setId": 2,
      "iconIdx": 0
    },
    {
      "icon": {
        "paths": [
          "M1194.667 0h-1024c-70.4 0-127.36 57.6-127.36 128l-0.64 768c0 70.4 57.6 128 128 128h1024c70.4 0 128-57.6 128-128v-768c0-70.4-57.6-128-128-128zM1169.067 272l-452.48 282.88c-20.48 12.8-47.36 12.8-67.84 0l-452.48-282.88c-16-10.24-25.6-27.52-25.6-46.080 0-42.88 46.72-68.48 83.2-46.080l428.8 268.16 428.8-268.16c36.48-22.4 83.2 3.2 83.2 46.080 0 18.56-9.6 35.84-25.6 46.080z"
        ],
        "attrs": [
          {}
        ],
        "width": 1365,
        "isMulticolor": false,
        "isMulticolor2": false,
        "grid": 0,
        "tags": [
          "icon-email"
        ],
        "colorPermutations": {
          "12312332521464766177902291": [
            {}
          ]
        }
      },
      "attrs": [
        {}
      ],
      "properties": {
        "order": 21,
        "id": 2,
        "name": "icon-email",
        "prevSize": 32
      },
      "setIdx": 0,
      "setId": 2,
      "iconIdx": 1
    },
    {
      "icon": {
        "paths": [
          "M923.672 698.298l-144.793-16.531c-34.772-3.99-68.974 7.98-93.486 32.492l-104.887 104.885c-161.32-82.084-293.569-213.763-375.654-375.654l105.456-105.457c24.511-24.512 36.483-58.714 32.492-93.486l-16.531-143.65c-6.84-57.574-55.294-100.897-113.437-100.897h-98.616c-64.414 0-117.998 53.584-114.008 117.998 30.212 486.814 419.547 875.581 905.786 905.789 64.417 3.994 117.996-49.593 117.996-114.003v-98.619c0.575-57.573-42.748-106.027-100.32-112.868z"
        ],
        "attrs": [
          {}
        ],
        "isMulticolor": false,
        "isMulticolor2": false,
        "grid": 0,
        "tags": [
          "icon-tel"
        ],
        "colorPermutations": {
          "12312332521464766177902291": [
            {}
          ]
        }
      },
      "attrs": [
        {}
      ],
      "properties": {
        "order": 20,
        "id": 1,
        "name": "icon-tel",
        "prevSize": 32
      },
      "setIdx": 0,
      "setId": 2,
      "iconIdx": 2
    },
    {
      "icon": {
        "paths": [
          "M512 512c141.44 0 256-114.56 256-256s-114.56-256-256-256c-141.44 0-256 114.56-256 256s114.56 256 256 256zM512 640c-170.88 0-512 85.76-512 256v64c0 35.2 28.8 64 64 64h896c35.2 0 64-28.8 64-64v-64c0-170.24-341.12-256-512-256z"
        ],
        "attrs": [
          {
            "fill": "rgb(77, 90, 229)"
          }
        ],
        "isMulticolor": false,
        "isMulticolor2": false,
        "grid": 0,
        "tags": [
          "icon-user"
        ],
        "colorPermutations": {
          "12312332521464766177902291": [
            {
              "f": 2
            }
          ]
        }
      },
      "attrs": [
        {
          "fill": "rgb(77, 90, 229)"
        }
      ],
      "properties": {
        "order": 19,
        "id": 0,
        "name": "icon-user",
        "prevSize": 32
      },
      "setIdx": 0,
      "setId": 2,
      "iconIdx": 3
    }
  ],
  "height": 1024,
  "preferences": {
    "showGlyphs": true,
    "showQuickUse": true,
    "showQuickUse2": true,
    "showSVGs": true,
    "fontPref": {
      "prefix": "icon-",
      "metadata": {
        "fontFamily": "icomoon"
      },
      "metrics": {
        "emSize": 1024,
        "baseline": 6.25,
        "whitespace": 50
      },
      "embed": false
    },
    "imagePref": {
      "prefix": "icon-",
      "png": true,
      "useClassSelector": true,
      "color": 0,
      "bgColor": 16777215,
      "classSelector": ".icon",
      "name": "icomoon",
      "height": 32,
      "columns": 16,
      "margin": 16,
      "sprite": false
    },
    "historySize": 50,
    "showCodes": true,
    "gridSize": 16
  }
}