{
  "IcoMoonType": "selection",
  "icons": [
    {
      "icon": {
        "paths": [
          "M1082.976 62.64c21.036-18.487 49.029-28.707 78.074-28.504s56.868 10.813 77.599 29.591c20.73 18.778 32.748 44.256 33.516 71.058 0.767 26.801-9.774 52.829-29.402 72.593l-595.84 687.853c-10.245 10.186-22.611 18.362-36.357 24.036-13.747 5.674-28.591 8.731-43.648 8.989-15.055 0.257-30.013-2.291-43.978-7.492-13.964-5.201-26.65-12.947-37.297-22.776l-395.136-364.741c-11.004-9.464-19.83-20.878-25.951-33.56s-9.413-26.372-9.678-40.253c-0.265-13.882 2.501-27.67 8.134-40.543 5.633-12.874 14.017-24.567 24.653-34.385s23.304-17.556 37.25-22.757c13.946-5.199 28.884-7.753 43.923-7.507 15.037 0.244 29.869 3.283 43.607 8.933 13.738 5.651 26.103 13.798 36.357 23.955l312.704 288.512 518.634-609.969c0.934-1.061 1.932-2.074 2.988-3.033h-0.15z"
        ],
        "attrs": [
          {
            "fill": "rgb(244, 244, 253)"
          }
        ],
        "width": 1280,
        "isMulticolor": false,
        "isMulticolor2": false,
        "grid": 0,
        "tags": [
          "check"
        ],
        "colorPermutations": {
          "24424425312552552551": [
            {
              "f": 0
            }
          ]
        }
      },
      "attrs": [
        {
          "fill": "rgb(244, 244, 253)"
        }
      ],
      "properties": {
        "order": 7,
        "id": 5,
        "name": "check",
        "prevSize": 32
      },
      "setIdx": 0,
      "setId": 0,
      "iconIdx": 0
    },
    {
      "icon": {
        "paths": [
          "M1024 103.131l-103.131-103.131-408.869 408.869-408.869-408.869-103.131 103.131 408.869 408.869-408.869 408.869 103.131 103.131 408.869-408.869 408.869 408.869 103.131-103.131-408.869-408.869 408.869-408.869z"
        ],
        "attrs": [
          {}
        ],
        "isMulticolor": false,
        "isMulticolor2": false,
        "grid": 0,
        "tags": [
          "close"
        ],
        "colorPermutations": {
          "24424425312552552551": [
            {}
          ]
        }
      },
      "attrs": [
        {}
      ],
      "properties": {
        "order": 6,
        "id": 4,
        "name": "close",
        "prevSize": 32
      },
      "setIdx": 0,
      "setId": 0,
      "iconIdx": 1
    },
    {
      "icon": {
        "paths": [
          "M1194.667 0h-1024c-70.4 0-127.36 57.6-127.36 128l-0.64 768c0 70.4 57.6 128 128 128h1024c70.4 0 128-57.6 128-128v-768c0-70.4-57.6-128-128-128zM1169.067 272l-452.48 282.88c-20.48 12.8-47.36 12.8-67.84 0l-452.48-282.88c-16-10.24-25.6-27.52-25.6-46.080 0-42.88 46.72-68.48 83.2-46.080l428.8 268.16 428.8-268.16c36.48-22.4 83.2 3.2 83.2 46.080 0 18.56-9.6 35.84-25.6 46.080z"
        ],
        "attrs": [
          {}
        ],
        "width": 1365,
        "isMulticolor": false,
        "isMulticolor2": false,
        "grid": 0,
        "tags": [
          "email"
        ],
        "colorPermutations": {
          "24424425312552552551": [
            {}
          ]
        }
      },
      "attrs": [
        {}
      ],
      "properties": {
        "order": 5,
        "id": 3,
        "name": "email",
        "prevSize": 32
      },
      "setIdx": 0,
      "setId": 0,
      "iconIdx": 2
    },
    {
      "icon": {
        "paths": [
          "M923.672 698.298l-144.793-16.531c-34.772-3.99-68.974 7.98-93.486 32.492l-104.887 104.885c-161.32-82.084-293.569-213.763-375.654-375.654l105.456-105.457c24.511-24.512 36.483-58.714 32.492-93.486l-16.531-143.65c-6.84-57.574-55.294-100.897-113.437-100.897h-98.616c-64.414 0-117.998 53.584-114.008 117.998 30.212 486.814 419.547 875.581 905.786 905.789 64.417 3.994 117.996-49.593 117.996-114.003v-98.619c0.575-57.573-42.748-106.027-100.32-112.868z"
        ],
        "attrs": [
          {}
        ],
        "isMulticolor": false,
        "isMulticolor2": false,
        "grid": 0,
        "tags": [
          "phone"
        ],
        "colorPermutations": {
          "24424425312552552551": [
            {}
          ]
        }
      },
      "attrs": [
        {}
      ],
      "properties": {
        "order": 4,
        "id": 2,
        "name": "phone",
        "prevSize": 32
      },
      "setIdx": 0,
      "setId": 0,
      "iconIdx": 3
    },
    {
      "icon": {
        "paths": [
          "M1228.8 0l-1228.8 576 392.701 121.201 605.699-473.201-460.713 517.955 0.374 0.118-0.461-0.118v282.045l220.227-214.103 278.979 86.103 191.995-896z"
        ],
        "attrs": [
          {
            "fill": "rgb(255, 255, 255)"
          }
        ],
        "width": 1229,
        "isMulticolor": false,
        "isMulticolor2": false,
        "grid": 0,
        "tags": [
          "send"
        ],
        "colorPermutations": {
          "24424425312552552551": [
            {
              "f": 1
            }
          ]
        }
      },
      "attrs": [
        {
          "fill": "rgb(255, 255, 255)"
        }
      ],
      "properties": {
        "order": 3,
        "id": 1,
        "name": "send",
        "prevSize": 32
      },
      "setIdx": 0,
      "setId": 0,
      "iconIdx": 4
    },
    {
      "icon": {
        "paths": [
          "M512 512c141.44 0 256-114.56 256-256s-114.56-256-256-256c-141.44 0-256 114.56-256 256s114.56 256 256 256zM512 640c-170.88 0-512 85.76-512 256v64c0 35.2 28.8 64 64 64h896c35.2 0 64-28.8 64-64v-64c0-170.24-341.12-256-512-256z"
        ],
        "attrs": [
          {}
        ],
        "isMulticolor": false,
        "isMulticolor2": false,
        "grid": 0,
        "tags": [
          "user"
        ],
        "colorPermutations": {
          "24424425312552552551": [
            {}
          ]
        }
      },
      "attrs": [
        {}
      ],
      "properties": {
        "order": 2,
        "id": 0,
        "name": "user",
        "prevSize": 32
      },
      "setIdx": 0,
      "setId": 0,
      "iconIdx": 5
    }
  ],
  "height": 1024,
  "preferences": {
    "showGlyphs": true,
    "showCodes": true,
    "showQuickUse": true,
    "showQuickUse2": true,
    "showSVGs": true,
    "fontPref": {
      "prefix": "icon-",
      "metadata": {},
      "metrics": {
        "emSize": 1024,
        "baseline": 6.25,
        "whitespace": 50
      },
      "embed": false
    },
    "imagePref": {
      "prefix": "icon-",
      "png": true,
      "useClassSelector": true,
      "color": 0,
      "bgColor": 16777215,
      "name": "icomoon",
      "classSelector": ".icon"
    },
    "historySize": 50
  }
}